first_name,last_name,Password
Lettie,Patrie,"mT9/2""fs)eG"
Reagen,Whiston,rK0'>{U|wN4g
Sabine,Melendez,xD7@Tncez}*
Fair,Dahlgren,bZ5(}p>VgXO
Merrill,Gorman,pP5~{%~ZY!
Kelci,Matussevich,kX4@LaHc3f4
Alene,Van den Velde,vK6$A5/Ji2vSu
Harris,Treven,yZ7%w<H!v=
Daryl,Glasscott,tL7|N=ol/
Maggie,Dungay,xP6{R0?k=>dE|M
Riordan,Bereford,sR1~P&Fk|/9&P!f
Lelia,Orrock,"uR9>MH}mi55""F"
Humfried,Ditt,xC7\v.'.\`hiX
Dora,Hadley,nT6__>#zv
Waly,Phinnessy,dJ5/9_RZf9P
Lionel,Giacomi,"oM4?)v$n"""
Anastasia,Shannahan,"lS2=`ydoS_d""Uv8"
Aldwin,Chiene,kE5?f{bZm#w$t1
Lilias,Thurman,qA6@?)TBHSK<`m
Ermengarde,Hinkens,tC0.N4PCr=)uX
Adrian,Mallett,cO6>zOxA)<drhk`M
Merv,Bottell,wG5`kGn_qxIvy
Eden,Mcasparan,cX9|bg<E/{>yqSV
Angy,MacDonnell,mC8%y90+b9
Antonietta,Gomer,cY2(yEI3e#Nc<X
Dun,Krysztofiak,eD9@_J&ZP~8
Blakelee,Skelhorn,zB3}{40_
Clemmy,Myles,eO2'\1ZiFR|7S.MJ
Riordan,Kirtland,mO9+`0TErOMGGERM
Burke,Narbett,vI2*I_lqW+VF)O
Gaylene,Casella,"wF2\`+,HWdV4"
Judith,Szymanek,qI4)Awd'X`GYo
Dill,Bilby,cH5\?pD6'{jMA\\p
Lexie,Renak,sS0>OB)<kL|*#{S{
Georgeanna,MacCrackan,"aD1,T<g5,j"
Starr,Meachem,qK1}..gtrXer
Art,Roadknight,"yW5,B4_p!"
Fairleigh,Jeanesson,jY8{=ZKd
Jeddy,Sivior,pI9~k$TvEB
Yvette,Watkiss,oT5&&ib'f
Ellery,Ogelbe,dZ5=e}PJtT
Zed,Challicum,"uB0,|t~D?l28e~LA"
Noemi,Siggins,tP0*_O@BCtWWk.x2
Enrico,Strothers,kW7$&<x(hWCU
Belita,Leamon,"dX3@|Y""G'o"
Lambert,Mellody,"kZ5$?e?.l4w""F"
Alica,Hallgath,kI3*!b@R
Eliza,Keat,"bL6`7s`VoWKi,R9("
Claudianus,Healey,qQ2*|ybc)oT
Brittney,Danell,mU2/*eJcIzh
Tonya,Pakenham,xC2)HeO.N$F1s..c
Nappie,Mabey,kS4.n#gP(4q2F<`W
Vernice,Selvester,xF0){\8cErR
Sibella,Storton,"lT2/q=c,"
Nevil,Pasby,zG7&IbPWkXJL
Mathew,Davidwitz,bN8}|*%C6p!4\
Willabella,Druce,"uX2""<h7j$*~m/T"
Ive,Summerrell,kN9=bxVfP..D
Glennie,Blampey,xD0$a22$lWqd_
Darnall,Petty,"vK4!bN~Z,c|JiKeV"
Francesco,Salerg,uA9>cKD2_'Jh
Claresta,Woodfine,wD1\|!{#x
Thorpe,Martel,nL6~3>tm)Q%Xnxqu
Ham,Barbosa,uA1.5>wkTb`
Joletta,Bytheway,mQ2#kQ*2T
Lacee,Swallow,gY6`wEUcUf3G
Lucas,Dougal,zT5)(sH\GSJzf
Erena,Maffulli,gE4%(Cd*?e*RRf
Benjamin,Stronack,iO3{06L?hZV
Nickolas,Hagwood,nE2(Djv(*
Benny,Gianneschi,wD4#m+VE
Trace,Gosnoll,hS2?a=QJW
Arluene,Scones,yG6\3O_aL+
Kory,McMonies,sE6@bKBF*.
Gusella,Lowdeane,"yC4/%W\p"")20b"
Eberhard,Skill,"qZ3""r!FB"
Doria,Dulinty,"qT9?w""Bb"
Inga,Ricket,dG5(AJKRKw>
Christiano,Lesor,gR9{\RYS!(
Collete,Drane,zV1/QF%twiAl\
Delcina,de Tocqueville,fU4\>1Ia&}1?rd
Daune,Nudd,"gV1_w)%nn/,yY0X"
Daveen,Ambrosi,fA1.<tf.FAe0cCx
Brunhilda,Bassford,jT4%AY=y`o
Klaus,Pendergrast,aW9#e'0I|2I?
Lila,Fenwick,aC8/+fp{8Z'qII
Floris,Saunper,"lB3)`,L'6Tciam"
Keith,Caghan,gA7%!r6sHw$)!9U
Tove,Shulver,nQ7_<+jj(q
Ariela,Egiloff,"zU5""`LjyyK!tJd"
Fay,Westgarth,pV4~GN%vSIpT4
Pinchas,Derle,qM4@C>#FL_
Halli,Naile,sQ3_D{&yso(YuYIg
Cob,Mosten,"cH8~6""'O3)\n.FZ"
Emanuel,Padefield,aJ7}r2IAO!x
Carla,Greenroa,xC1.xeF=`
Caddric,Sweynson,lB7}e2_+`2MQ
Bobbette,Divis,lB4=Q9@&=s@WLj!
Land,Gluyas,xS7&j9L$
Fiona,Bland,nX3!&!GJ\
Mordecai,Johns,"mG1,=t>g+'>%MS+#"
Mylo,Trobridge,dS2)H/*wN#NG_
Dolly,Hildrew,lK8&>\.q*MRv%_)7
Wilt,Bateup,mS1}84%&y)73{
Everett,Haycock,pL4+8SP`TNSc
Georas,Routledge,dJ3<=3\8
Cy,Folker,gJ2!.'TC!$@
Seka,Hand,uK1#YJ)hPUf
Ebenezer,Cochran,hV6|q'pPybm~Ei`
Cathi,Workman,"pD8.|z')&,<Yr"
Eugen,Ivashintsov,yO2\iFi'
Flore,Matheson,zL3<K5lM~zguw
Felicdad,Belhome,pJ0}EKuH#%WT{~C
Townie,Ceci,aY2(jski_VFJBP_
Malynda,Lerven,bX8)#3kF*Z6#9<P0
Earvin,Cahani,dS8~5k2cZiVR
Adrianna,Mainds,aR9|f\+b=*
Odele,Morrad,mJ3(v\a{D%6$
Pamella,Sheran,xI5/48gr3
Cazzie,Tustin,"oR7<9Zuu3,z69"
Saloma,McReidy,"rI5,mF4C"
Myrta,Shackell,"oU3!,kK3"
Mal,Nanni,fB0}2`NBY
Tabbie,Vignaux,"kI1}`?f`d""jG"
Gerrie,McNally,zT9~jpJ\
Standford,Praten,"kR9,*B.#5""wul"
Bone,Dunkerton,"lZ3'=i{Qb\R!Y""O"
Wainwright,Rigge,"xA9|}v_7M$xG""J?"
Chane,Reichardt,yA3+AA+iO04Kz&L
Shane,Kemell,"gC9,_BbYU"
Obidiah,MacGorrie,"wO8\,vf,|sB~|3"
Karola,Stango,oU6@h`OZjk
Lesya,Tattershall,zO3_3DP0
Myrtie,Gass,vZ8#v1ZWf
Calhoun,Seawell,kR8)${X|l~(K
Meghan,Piffe,eD0%kb(>YVT2
Damita,Mellmoth,eH4|Me7MwZ7lL5P
Abdul,Parysiak,qS1`?KNx2=k7CNe{
Juliann,Langrish,eZ3)Z.d|6i
Arte,Renol,"jI4)Ms""De"
Henry,Rotham,tK6'2(4+<
Izzy,Makin,jP2+@8O`P
Malory,Rawls,hZ9?/vfY1Ms39pZ
Kizzee,Alison,nP6#?zMC`xL
Patton,Schroder,cP2!\z5V
Andromache,Maddin,hZ3=WDfhz*omD|qE
Nola,Hechlin,cY7!t>@%~KkrlK
Whitaker,Banasiak,zK6_>soW`q
Fabio,Martusov,mQ0@*zb`xc
Raffarty,Hallas,lQ1)k/N{
Riley,Hamblington,jR4/B+@.u'cO.
Edgard,Cogan,mU5.N?gyNF4tSI/
Levy,Philpot,"xH0""9V`xAsLta{Q"
Wendall,Peter,dV3<hml`vCmp
Lona,Cavet,eH8=CH29)#
Ebenezer,Issacov,vY3<KIKSDRAln8
Jolee,Hubbins,rY6.|i2&ow<lpq|
Clotilda,Barnewall,dK2+g@u1}Lv5
Cointon,Arnely,yQ4`/gmyuBmp0
Reggis,Antonietti,gT7~Kf6Gi$1XJ=Gv
Annaliese,Beig,mS6_)5c3w3h@
Bron,Iacomini,cP8'`ND4
Lilian,Halpen,"bI0)2<y6,+"
Stan,Simmig,nY5.BiQRsV9=V
Myrah,Klejna,dQ0}OVi{5
Alverta,O'Fallone,"uI4,4sK$R/+1W"
Christabella,Rapper,vK1#cSqeELJ
Arden,Lutsch,"dB0,787\!xpkyj"
Brandise,Elward,dB8_!0MF8TJ&?9
Iggy,Crigin,wD9\.9g+CwK
Rori,By,qJ2@JX0P
Zolly,Neild,pA4*Xa%5F_@D>*+
Mikel,Joanaud,tD1%y4gst@qy1
Pamella,Airth,lP5*Y2kFA6t*}HW
Ronna,Van Saltsberg,"uM6`,q!t2bZ"
Paten,Huskisson,"oC0`@Q""|K9H/"
Johnna,Sabine,xV3>X\5E7sPm2Q
Rafi,Mariette,aK8(uONr|d
Vikki,Ochterlony,pJ3#&.qkxf2JPt
Sergei,Hawson,bE8@QDPyB2WqH
Breanne,Durgan,vE1(qPn9rt6
Violette,Seldon,"oY7,vGb?tf$"
Felicia,Heads,yV1.r2}OnZ
Ebony,Shellcross,"xA2`""T+nI~J}L@>o"
Harald,Clausson,dQ1@$SgH|=~
Vikki,Wick,zQ5#xjI@|=pj~BaI
Arney,Flett,xS8>03C'AN
Gilly,Willmer,lB3.86.M{h#6
Keri,Andries,"aY2""xIl#&LW,gX"
Jeremiah,Brittan,sK0#c%NZb$9#!
Rudyard,Pettecrew,"aQ6,%.S.El{}"
Gregg,Doggart,dE3|CpKMd0#rP|90
Mandie,Jauncey,hZ2>.'Vu7vmY3_v$
Ellis,Ollerhad,hP2=9YS%oO
Elmira,Laffoley-Lane,gI0(rY\yF`
Ignaz,Treweela,"eN7`0DT)0""71ta"
Keenan,Steane,rS1#l)rJH
Adham,Forster,oH9@PlF+X3
Odelia,Cuddon,gX1)BYh`S2s
Fraser,Beeckx,yM9=0iv3v*~S
